cgpa,projects,internships,coding_score,communication,placed
7.5,1,1,27,10,0
6.16,3,1,82,6,1
7.95,2,0,86,2,1
8.14,2,3,95,8,1
5.25,4,2,45,2,0
5.9,2,2,21,4,0
7.33,2,0,98,4,1
6.88,2,3,68,1,1
7.18,1,0,39,9,0
6.35,0,1,81,6,0
8.08,4,1,92,4,1
7.98,0,3,42,6,1
7.27,1,1,81,1,1
8.33,4,0,83,5,1
7.67,0,1,60,6,1
6.34,3,1,70,4,1
7.57,4,0,41,9,1
6.24,3,0,94,3,0
8.08,1,0,98,2,1
7.15,0,1,98,6,1
7.02,5,1,78,9,1
6.52,1,1,23,4,0
8.42,4,2,49,1,1
7.05,1,0,55,10,1
6.77,0,3,96,5,1
6.85,4,3,63,2,1
7.73,5,0,62,7,1
7.57,5,1,31,4,1
7.61,4,0,83,10,1
7.63,1,1,46,3,0
9.34,5,1,27,6,1
6.79,4,0,99,6,1
6.69,1,0,35,3,0
6.39,0,1,21,5,0
7.82,5,2,26,2,1
8.33,1,1,56,7,1
7.09,4,3,28,8,1
6.36,0,1,87,10,1
6.38,1,3,60,4,1
7.85,1,0,45,3,0
7.94,1,2,20,6,1
7.74,4,3,58,7,1
6.53,5,0,32,10,1
7.43,5,3,98,1,1
7.32,4,1,43,3,1
7.42,1,1,57,3,0
8.07,5,2,21,3,1
7.42,3,2,30,5,1
7.88,3,0,36,9,1
7.27,4,3,24,1,1
7.49,4,2,78,9,1
7.83,5,3,95,7,1
5.74,3,1,98,7,0
6.88,3,2,41,7,1
6.73,4,1,83,2,1
6.56,1,3,60,8,1
6.92,1,3,23,3,0
8.69,3,3,27,6,1
6.33,0,2,63,7,1
8.17,1,3,53,7,1
5.52,4,1,20,4,0
6.87,5,1,94,4,1
7.36,3,3,78,5,1
7.79,2,0,60,1,1
7.91,2,2,98,8,1
7.99,4,0,97,1,1
6.85,3,2,97,5,1
6.74,0,1,40,7,1
8.06,3,1,90,1,1
7.01,2,1,60,10,1
5.92,4,1,78,4,1
6.07,5,1,88,1,1
6.28,5,1,33,7,1
7.7,3,2,55,6,1
7.34,2,3,30,7,1
7.89,2,2,42,8,1
6.77,1,2,53,5,0
7.36,5,3,88,9,1
7.83,5,3,89,4,1
6.89,5,0,51,6,1
7.66,1,2,46,2,1
6.54,1,0,62,7,1
6.84,5,0,92,3,1
6.82,3,3,98,7,1
6.0,4,0,38,9,0
7.69,2,3,34,9,1
6.73,2,3,76,10,1
7.21,3,3,44,2,1
7.68,4,2,35,2,1
7.65,2,3,22,10,1
7.87,4,0,52,4,1
7.1,1,3,51,1,1
6.78,2,0,65,3,0
7.12,5,1,36,9,1
5.51,5,0,77,4,1
5.75,5,1,74,1,1
5.88,1,2,56,8,1
6.2,5,1,34,2,0
7.6,5,3,60,4,1
6.29,5,2,73,1,1
6.82,0,2,49,7,1
8.5,4,3,41,5,1
6.84,5,1,60,9,1
7.94,4,1,48,4,1
6.27,1,3,52,3,1
6.99,4,2,47,2,0
6.25,0,2,44,3,0
6.86,2,1,77,5,1
8.04,3,0,56,1,0
5.47,2,0,57,5,0
7.63,4,0,72,9,1
7.44,1,0,48,8,0
6.61,3,2,28,7,1
5.75,3,0,88,9,1
7.27,3,2,24,8,1
6.67,1,3,65,7,1
7.43,1,3,41,9,1
7.22,1,1,37,2,0
8.8,2,0,23,9,1
6.96,3,3,92,3,1
6.18,2,0,54,8,0
7.38,2,2,47,10,1
7.42,1,2,79,5,1
8.56,1,0,23,1,1
8.04,3,2,65,4,1
7.56,4,0,59,5,1
8.66,1,0,64,10,1
6.01,5,3,29,10,1
6.56,3,3,96,6,1
6.27,1,1,39,10,1
6.81,2,3,74,5,1
5.82,0,3,79,5,1
7.84,0,3,47,9,1
6.98,2,0,30,7,0
5.73,2,1,43,6,0
6.18,4,2,84,5,1
7.51,0,3,92,8,1
8.04,5,3,94,8,1
9.2,1,1,38,5,1
10.0,0,0,68,1,1
7.61,4,3,32,2,1
6.21,4,1,76,2,0
5.07,3,1,53,5,0
7.47,0,3,77,7,1
6.39,0,2,74,9,1
6.78,2,1,99,3,1
6.59,2,0,59,8,1
7.06,5,1,47,7,1
8.27,1,3,62,1,1
7.36,1,1,33,4,0
7.04,5,2,28,4,1
6.16,0,1,61,9,0
5.53,0,3,86,10,1
6.71,2,3,62,9,1
7.15,2,2,82,6,1
8.97,3,3,34,5,1
7.33,5,2,55,4,1
8.18,5,1,69,8,1
6.7,1,2,47,1,0
6.02,5,3,21,3,1
6.23,3,3,25,2,1
6.47,0,0,94,5,0
9.33,5,2,68,3,1
6.38,0,0,41,2,0
8.04,3,2,40,4,1
6.3,4,2,23,9,1
8.13,1,1,95,6,1
7.58,1,3,28,9,1
7.04,2,3,80,10,1
7.16,5,0,39,10,1
6.55,1,0,46,4,0
7.65,3,0,41,9,1
6.75,2,3,85,10,1
5.97,0,2,22,10,0
5.92,4,2,48,4,1
7.37,4,3,42,3,1
8.78,3,3,41,6,1
7.36,1,0,35,10,0
7.08,0,0,92,10,1
7.49,2,1,50,6,1
8.51,3,1,53,2,1
7.42,3,2,50,5,1
6.79,1,0,98,8,1
8.31,3,1,47,6,1
7.63,1,0,47,4,0
8.74,4,0,46,4,1
7.38,4,0,46,1,1
5.98,3,0,27,3,0
5.83,0,2,68,7,0
8.85,5,1,22,3,1
8.92,0,1,38,10,1
7.02,5,1,36,1,0
6.82,0,2,43,6,0
8.66,3,3,80,5,1
6.09,0,2,67,9,1
6.31,0,2,99,9,1
7.84,4,2,48,6,1
6.81,4,2,94,7,1
7.19,0,0,23,7,0
7.04,5,3,60,6,1
7.54,1,0,83,2,0
8.61,1,1,62,5,1
7.29,1,2,94,3,1
7.84,2,1,45,5,1
5.15,1,0,22,7,0
7.15,2,3,81,3,1
6.36,1,0,25,3,0
5.98,0,0,81,9,1
6.32,2,3,78,4,1
6.87,4,2,87,2,1
8.12,4,0,58,8,1
5.87,2,3,91,8,1
7.23,1,3,33,9,1
6.72,4,0,54,8,1
6.87,4,1,29,10,0
8.2,4,1,81,6,1
7.74,5,0,77,3,1
8.54,4,0,84,9,1
7.05,5,0,81,3,1
6.5,2,0,44,3,0
6.98,2,1,25,9,0
7.44,1,1,94,9,1
7.38,1,0,59,4,0
6.12,4,1,27,8,0
7.29,4,0,94,10,1
7.43,4,3,99,8,1
9.72,1,0,55,1,1
9.08,2,3,81,7,1
6.35,1,2,22,2,0
6.91,5,3,27,9,1
5.74,1,2,42,1,0
6.61,0,1,72,10,1
7.52,3,2,30,2,1
8.41,5,1,22,5,1
6.47,5,0,73,3,1
6.55,0,1,81,9,1
5.05,1,1,79,4,0
7.04,0,0,83,8,1
6.14,1,0,84,1,0
6.67,3,3,68,5,1
6.32,1,2,61,10,1
7.11,0,1,88,10,1
5.44,3,3,47,3,0
5.73,0,0,27,4,0
9.33,1,1,80,5,1
5.91,0,3,42,6,1
6.1,0,2,98,6,1
9.04,2,1,53,2,1
10.0,5,1,88,8,1
6.03,4,0,23,3,0
6.83,0,0,72,4,1
7.54,0,0,55,9,1
8.93,2,3,57,7,1
6.21,3,2,41,4,1
6.95,4,1,97,10,1
7.98,4,3,51,4,1
7.63,2,0,88,6,1
6.82,1,0,54,3,0
7.07,0,1,23,2,0
5.83,0,3,90,5,1
6.96,0,2,34,6,0
6.93,5,3,41,9,1
7.43,1,0,88,4,0
6.64,4,3,91,9,1
7.67,3,0,93,7,1
8.21,3,0,54,1,0
7.36,2,2,80,8,1
7.55,4,0,46,6,1
7.25,0,3,79,4,1
7.2,0,3,60,5,1
6.48,2,2,24,4,1
7.52,2,1,53,7,1
7.1,3,0,57,6,0
9.29,4,2,40,5,1
8.77,3,2,49,3,1
7.59,1,3,60,4,1
6.44,1,2,23,5,0
6.09,4,0,32,5,0
8.39,1,0,81,4,1
7.46,3,3,48,6,1
7.68,3,0,68,3,0
5.46,4,3,65,6,1
8.13,4,0,64,2,1
7.65,2,2,53,5,1
6.09,1,3,58,8,1
6.73,2,1,85,9,1
7.46,2,0,97,7,1
7.25,1,3,40,8,1
6.91,3,0,73,1,1
7.1,1,2,97,4,1
6.95,3,3,20,7,1
7.35,4,2,82,9,1
8.67,5,0,59,6,1
4.63,0,3,97,9,1
6.96,4,0,66,3,0
7.38,0,2,87,2,1
7.5,2,2,33,1,1
6.83,1,1,31,6,0
5.44,0,1,94,7,1
7.53,1,0,62,3,0
8.93,0,3,64,8,1
5.67,4,0,33,8,0
8.06,0,1,38,4,0
6.87,2,2,85,3,1
7.14,4,2,44,8,1
6.15,5,2,66,7,1
6.87,5,2,45,2,1
8.5,0,2,41,3,0
7.78,5,3,33,5,1
8.93,3,1,94,6,1
8.38,1,3,95,2,1
7.64,2,3,29,10,1
8.94,5,3,48,4,1
7.64,2,3,65,4,1
8.03,1,3,50,1,1
6.9,5,0,77,9,1
7.27,5,3,40,3,1
6.5,5,2,24,10,1
8.19,5,1,46,5,1
6.02,5,2,67,9,1
7.98,2,1,34,2,1
7.01,1,2,85,2,1
8.37,3,3,20,9,1
7.95,1,0,25,9,0
9.02,2,1,60,6,1
7.93,3,3,60,1,1
5.63,5,1,43,10,1
7.13,1,3,40,4,1
6.03,1,0,25,10,0
6.68,4,2,73,9,1
8.71,0,3,50,9,1
7.84,3,3,29,7,1
6.5,4,0,51,7,1
6.19,3,3,94,6,1
7.23,2,1,40,1,1
5.98,4,1,91,4,1
6.53,2,1,40,8,1
7.51,4,2,34,9,1
8.36,2,2,40,6,1
7.81,0,1,45,8,1
4.91,3,0,29,1,0
7.5,0,3,67,5,1
7.27,5,0,46,6,1
7.61,3,0,77,9,1
8.82,2,2,59,4,1
5.14,2,1,55,3,0
6.61,3,2,57,4,1
7.79,1,3,32,2,1
5.62,1,0,77,6,0
8.68,2,1,28,7,1
7.57,1,2,77,9,1
8.05,4,3,99,10,1
6.63,0,2,81,1,1
8.01,4,1,56,3,1
8.27,2,2,45,4,1
7.43,3,3,89,3,1
7.43,0,1,40,9,1
7.47,2,3,58,2,1
6.34,4,3,81,1,1
7.05,1,1,93,9,1
7.05,0,0,93,10,1
7.58,3,3,27,3,1
8.2,0,0,91,4,1
6.14,1,1,29,6,0
7.07,2,0,66,6,1
8.68,3,2,94,10,1
6.46,3,1,72,5,1
6.38,4,2,95,1,1
7.4,5,3,47,5,1
8.04,0,3,45,6,1
7.21,2,3,46,6,1
8.53,0,0,48,6,0
8.06,0,1,74,10,1
8.04,1,0,56,9,1
7.75,3,3,78,3,1
9.53,5,2,53,4,1
6.99,4,1,44,7,1
5.2,3,2,35,5,0
8.8,4,2,64,5,1
6.74,1,1,91,2,1
7.31,5,1,88,3,1
8.51,5,0,40,8,1
5.6,0,1,58,9,0
5.95,2,1,76,8,1
5.6,4,3,68,4,1
6.41,2,3,25,2,1
7.64,5,3,67,2,1
7.72,5,0,23,4,1
7.48,2,3,29,6,0
5.79,0,1,72,9,0
4.89,2,1,28,9,0
7.25,1,3,47,1,0
6.73,2,3,67,8,1
7.66,3,0,72,3,1
7.9,2,1,55,2,0
7.34,1,2,27,6,1
7.96,1,2,83,1,1
7.43,4,1,95,4,1
7.73,0,2,91,6,1
6.5,1,3,79,3,1
7.02,5,0,52,6,1
7.4,0,2,90,5,1
8.02,2,2,59,8,1
6.81,1,3,30,2,0
7.72,0,1,88,1,0
6.93,2,0,45,6,0
7.08,3,2,95,3,1
8.03,1,2,49,8,1
5.21,0,1,89,1,0
5.9,0,3,62,6,1
5.72,3,3,57,10,1
4.87,5,0,43,1,0
6.52,1,3,86,4,1
7.95,1,0,24,9,1
6.92,2,1,57,6,1
7.4,2,0,49,2,1
8.29,1,1,63,3,1
8.53,0,3,40,8,1
7.13,3,1,73,9,1
8.55,2,2,50,4,1
7.29,2,0,35,5,0
6.36,1,2,35,8,0
6.61,5,1,75,2,1
5.72,3,2,40,3,0
6.31,2,3,44,8,0
6.84,1,2,70,2,0
8.0,4,0,46,8,1
8.92,5,1,51,5,1
5.82,0,0,39,10,0
7.59,5,1,47,1,1
6.16,4,0,75,10,1
7.67,0,2,62,3,0
7.07,4,1,99,1,1
5.37,0,0,81,8,0
8.13,0,0,21,6,0
6.59,0,3,50,9,1
6.67,2,3,43,2,1
6.13,3,3,67,1,0
6.55,2,0,41,6,0
7.63,0,1,97,9,1
7.01,1,3,43,5,1
7.53,5,2,61,8,1
7.56,5,0,29,10,1
8.52,4,0,92,9,1
6.86,0,1,92,6,0
5.72,4,3,83,7,1
8.27,4,0,48,6,1
6.87,3,3,24,7,1
8.31,0,2,76,6,1
7.58,5,3,54,6,1
7.07,2,3,99,5,1
7.55,0,1,75,7,1
9.15,1,3,63,8,1
9.28,2,0,98,10,1
7.27,0,1,84,7,1
7.36,1,0,56,2,1
8.28,2,0,21,6,0
6.35,5,0,27,4,1
7.53,0,0,55,1,0
7.17,3,0,64,1,1
7.51,5,1,22,6,1
6.37,4,0,30,10,1
5.61,5,0,76,6,1
5.13,1,3,80,5,0
6.08,4,0,22,1,0
6.74,5,0,60,7,1
6.91,1,0,26,1,0
9.14,2,0,77,9,1
8.31,3,2,86,9,1
6.24,2,3,89,10,1
7.55,1,2,67,3,1
6.79,5,2,70,2,1
6.92,5,0,94,3,1
7.39,2,3,68,8,1
7.82,4,0,55,3,1
6.86,2,2,80,9,1
8.26,4,1,67,2,1
6.06,3,3,87,1,1
7.21,2,1,61,3,1
9.8,0,2,89,8,1
7.42,3,1,23,7,1
8.63,1,2,22,4,1
7.29,1,3,27,7,1
7.78,1,2,64,7,1
7.14,5,1,76,6,1
7.03,0,1,37,6,1
6.42,4,2,32,2,1
7.63,5,1,88,3,1
6.35,0,0,80,6,0
7.87,3,1,71,2,1
8.29,3,0,59,5,1
7.57,2,0,53,2,0
6.91,4,1,21,8,1
7.65,2,3,35,2,1
6.89,2,3,91,1,1
8.14,2,1,47,7,1
5.37,4,1,76,3,0
6.86,3,0,76,4,1
5.21,2,3,44,4,1
5.7,5,0,36,3,1
8.56,4,3,75,8,1
8.1,5,3,27,7,1
6.48,4,2,59,3,1
5.7,2,1,91,7,0
4.24,4,3,76,8,1
6.66,1,2,81,6,1
9.62,1,2,26,6,1
7.63,2,3,35,10,1
6.64,5,3,42,5,1
7.67,3,0,43,4,0
5.64,2,3,35,6,0
6.9,2,3,97,9,1
7.3,1,0,33,8,0
7.11,3,1,76,1,1
7.99,2,3,66,5,1
7.54,3,0,68,8,1
7.87,2,1,37,3,1
6.51,1,2,44,10,1
8.1,5,2,68,9,1
8.83,2,3,43,9,1
6.23,0,0,75,1,0
6.31,2,1,23,6,0
8.54,3,3,25,6,1
7.01,0,2,78,7,1
8.6,1,0,69,9,1
6.76,0,1,23,4,0
8.66,3,1,91,6,1
7.33,4,2,20,7,1
7.46,5,1,96,8,1
8.76,2,2,78,8,1
6.84,5,1,99,4,1
6.26,1,2,95,10,1
6.75,4,0,45,1,1
7.65,3,2,80,5,1
5.63,4,3,36,7,1
7.84,4,0,57,1,1
6.66,3,1,39,5,0
8.35,1,2,58,6,1
4.81,3,2,89,7,1
6.41,4,2,54,2,1
5.51,5,2,27,3,1
6.37,5,2,45,3,1
7.45,1,2,82,7,1
7.02,3,0,61,4,1
6.95,0,3,64,6,1
7.04,4,1,54,8,1
7.4,5,0,43,8,1
6.19,0,1,67,2,0
7.91,3,1,70,10,1
7.86,5,0,91,2,1
7.59,5,3,69,1,1
7.76,2,0,99,1,1
7.5,0,1,86,3,1
9.24,5,1,26,9,1
7.11,5,3,51,3,1
6.89,3,2,50,7,1
6.45,5,3,20,5,1
6.17,0,0,34,1,0
5.96,3,3,80,5,1
6.31,0,3,48,1,0
7.13,5,1,31,5,0
7.53,4,2,42,6,1
7.25,5,0,41,6,1
6.43,3,3,33,3,1
8.1,0,3,28,8,1
7.94,0,1,81,6,1
7.04,2,2,85,3,1
6.55,4,1,59,5,1
7.75,0,0,69,2,0
7.39,5,2,93,10,1
5.75,1,2,87,8,1
7.13,2,3,22,3,1
7.46,1,3,96,7,1
6.3,2,1,25,7,0
7.39,2,3,22,7,1
5.75,0,2,52,1,0
8.54,3,2,79,9,1
8.45,4,2,26,10,1
6.95,5,3,43,10,1
7.56,1,2,41,10,1
4.79,5,0,51,10,1
6.04,5,0,98,8,1
6.91,5,1,46,1,1
6.13,2,2,36,5,0
7.91,5,2,29,3,1
9.2,3,1,35,3,1
6.02,0,2,30,9,0
6.36,1,3,65,9,1
7.44,4,1,53,6,1
8.81,0,1,59,8,1
5.98,2,2,86,2,1
7.45,4,1,66,3,1
9.02,0,3,32,9,1
5.55,2,3,50,5,1
5.92,1,2,45,6,0
6.78,3,1,86,5,1
6.68,1,2,44,3,0
8.01,5,0,31,9,1
7.44,0,1,78,8,1
5.43,5,0,54,7,1
7.72,4,0,27,4,0
6.62,5,0,75,7,1
8.47,5,2,36,10,1
6.57,1,0,89,7,1
6.56,5,2,86,5,1
7.74,3,1,49,3,1
7.96,5,1,64,6,1
7.65,5,3,65,4,1
5.51,3,2,72,7,0
7.74,2,2,25,1,1
6.17,0,2,45,2,0
7.44,0,0,33,8,0
5.78,2,0,75,4,0
7.65,4,2,25,5,1
6.39,3,3,61,6,1
5.92,2,0,78,5,0
7.91,1,0,95,8,1
7.44,3,3,43,3,1
6.59,3,3,20,8,1
8.65,5,0,77,3,1
6.76,4,1,20,4,0
7.23,3,2,25,6,1
7.47,5,0,99,9,1
6.58,2,1,89,3,1
7.67,5,1,76,6,1
6.67,2,2,86,1,1
6.79,0,1,26,1,0
8.56,2,1,27,8,1
6.16,0,1,44,8,1
4.79,0,3,21,4,0
8.81,5,0,91,7,1
9.75,4,0,24,4,1
6.79,1,0,63,3,1
5.26,5,3,88,5,1
6.89,0,3,78,4,1
6.91,1,2,38,9,0
7.01,4,0,57,5,1
6.09,1,3,63,4,1
7.78,4,1,81,6,1
7.72,5,3,54,8,1
5.71,0,1,42,3,0
7.9,0,3,83,10,1
9.25,5,3,90,5,1
7.37,3,0,59,7,1
6.86,3,2,22,10,1
7.06,2,1,60,5,1
7.82,2,1,91,2,1
5.47,4,1,99,8,1
7.36,3,2,52,1,1
6.81,0,1,32,5,0
9.05,3,2,65,10,1
7.03,4,2,86,5,1
8.87,0,3,95,7,1
6.1,2,3,24,6,1
7.79,4,0,43,3,1
7.52,3,3,58,4,1
6.33,0,0,27,6,0
7.38,0,2,90,2,1
8.41,3,1,28,5,1
6.88,2,2,73,5,1
5.51,5,2,93,9,1
7.18,3,3,74,2,1
6.3,5,1,81,9,1
6.86,1,3,41,5,1
7.12,2,1,86,7,1
5.49,0,0,53,6,0
5.58,3,1,24,3,0
7.68,1,2,49,10,1
6.68,2,2,47,3,0
4.64,2,3,61,1,0
7.98,1,0,41,8,1
7.47,0,1,56,7,1
6.49,3,3,54,9,1
5.88,5,1,46,5,0
8.04,1,0,75,1,1
7.55,2,3,44,1,1
9.58,1,1,81,5,1
7.62,4,3,40,3,1
7.59,2,3,89,10,1
7.03,5,3,49,2,1
8.02,1,2,23,9,1
7.83,0,3,31,3,1
8.45,3,3,84,2,1
6.68,3,1,89,3,1
6.76,5,0,36,2,1
6.72,5,1,68,5,1
7.99,5,2,65,4,1
8.7,3,2,30,6,1
6.74,2,0,56,6,1
6.78,2,2,75,1,1
7.51,0,0,97,2,1
6.95,2,2,87,2,1
8.15,2,2,27,2,1
4.95,0,2,39,1,0
6.37,1,1,54,4,0
6.42,3,1,32,6,0
4.88,2,2,65,4,0
6.24,5,2,20,4,1
6.28,2,3,29,5,0
7.0,5,1,23,6,1
8.31,3,1,43,4,1
6.95,0,1,80,3,0
6.17,1,2,34,5,0
7.14,4,0,98,1,1
8.25,3,1,41,5,1
6.22,1,0,23,10,0
6.29,3,2,46,4,0
7.76,5,3,79,2,1
6.98,2,3,28,8,1
7.85,0,1,25,2,0
7.19,1,0,87,2,1
7.9,5,0,67,2,1
6.16,4,0,47,9,1
7.19,5,3,80,10,1
6.99,5,3,87,6,1
5.98,0,2,48,7,0
5.64,1,0,64,7,0
7.89,0,0,20,7,0
6.85,0,3,44,6,1
6.18,5,1,67,10,1
7.1,5,0,35,8,1
8.33,0,0,99,1,1
4.92,4,1,97,4,1
5.7,3,2,40,10,1
6.28,0,3,51,5,1
8.66,5,1,35,3,1
7.48,5,2,60,9,1
7.97,3,0,29,7,1
6.06,4,0,51,6,0
6.08,2,0,64,5,0
7.65,4,3,68,2,1
7.26,2,2,67,4,1
7.75,5,3,37,5,1
7.01,0,0,83,10,1
7.48,1,0,75,4,0
7.36,5,3,80,2,1
7.98,1,0,57,5,0
8.01,1,0,91,10,1
5.58,4,2,51,5,1
4.95,1,2,84,4,0
8.2,3,0,36,7,1
8.39,1,1,39,7,1
6.18,1,2,62,3,0
5.34,5,1,64,10,1
7.3,1,1,79,6,1
8.13,0,0,43,1,0
9.0,4,1,89,5,1
7.72,5,3,46,10,1
6.83,0,2,62,4,0
6.31,4,3,94,6,1
7.21,3,0,63,7,1
6.9,4,0,74,8,1
6.18,0,2,92,9,1
9.25,5,0,97,2,1
8.99,3,2,59,6,1
8.34,5,3,53,6,1
6.28,2,1,35,2,0
8.06,5,2,62,7,1
7.84,3,2,93,2,1
7.64,0,0,58,5,0
8.45,5,3,47,4,1
7.84,4,0,28,2,1
7.94,1,3,51,9,1
7.84,3,2,38,3,1
7.54,2,0,98,3,1
5.42,3,2,62,9,1
7.28,5,0,30,9,1
6.64,5,2,25,1,1
5.92,1,3,88,3,1
8.88,5,3,94,8,1
8.93,2,3,81,8,1
8.56,4,1,29,10,1
7.46,4,2,27,6,1
8.55,2,1,35,1,0
7.21,2,3,80,9,1
7.4,2,1,81,2,0
6.11,5,3,87,2,1
7.6,2,1,27,7,1
7.26,1,2,32,7,1
5.9,2,0,92,1,0
7.15,1,2,94,2,1
7.12,2,0,78,6,1
9.0,0,0,28,3,1
8.09,0,1,25,7,0
7.21,4,1,24,5,1
7.45,0,2,75,6,1
7.24,3,1,87,5,1
7.0,4,0,70,4,1
6.12,4,1,40,4,0
7.05,2,1,80,7,1
6.45,1,2,24,6,0
5.95,5,2,86,6,1
7.71,5,0,91,6,1
7.59,3,2,77,3,1
5.41,0,2,90,10,1
7.08,0,3,66,6,1
8.2,1,2,57,8,1
8.26,0,3,45,9,1
8.23,5,0,93,10,1
7.24,1,2,75,7,1
6.35,1,0,35,8,0
6.12,5,0,96,5,1
7.54,4,3,24,8,1
7.58,1,1,67,4,1
8.49,2,2,35,8,1
8.3,3,2,73,1,1
7.07,3,2,53,10,1
5.96,5,0,54,3,1
6.88,5,0,73,7,1
7.42,5,0,80,1,1
7.0,0,3,50,2,1
6.62,1,0,99,10,1
7.45,3,2,59,9,1
6.7,0,1,32,3,0
6.57,2,0,20,2,0
7.51,0,1,36,9,0
6.8,5,0,75,10,1
7.44,0,0,63,2,1
7.47,0,0,47,7,0
6.06,1,3,58,3,0
6.72,0,2,87,8,1
8.64,3,3,65,5,1
6.04,2,1,24,2,0
5.08,5,0,23,4,0
5.34,1,2,58,6,1
7.23,3,3,52,8,1
7.23,3,2,88,1,1
7.08,3,0,66,10,1
8.41,4,1,80,7,1
4.53,1,3,66,9,0
7.6,3,2,47,10,1
8.76,4,3,72,2,1
6.07,5,2,69,1,1
6.82,3,0,77,8,1
6.45,3,3,35,2,0
6.31,5,3,71,2,1
6.87,3,2,42,5,1
8.63,5,3,83,10,1
9.04,0,0,83,8,1
6.86,2,3,69,6,1
9.11,0,0,95,2,1
7.24,0,3,63,4,1
8.95,2,0,22,7,1
7.11,1,2,68,2,1
7.33,2,3,82,6,1
7.57,2,0,28,1,0
10.0,3,0,28,4,1
8.05,5,3,41,3,1
6.49,5,0,87,7,1
8.17,2,2,62,10,1
6.84,1,3,98,2,1
6.71,4,2,89,8,1
8.11,0,1,64,7,1
7.23,3,1,74,10,1
7.48,2,2,46,10,1
7.21,1,2,27,2,0
7.54,3,2,51,8,1
7.62,1,0,67,6,1
5.26,1,2,34,2,0
7.87,3,2,37,3,1
6.22,1,2,21,10,0
5.76,4,0,78,6,1
7.14,0,2,91,4,1
7.28,2,2,86,4,1
6.51,4,0,50,9,1
8.03,1,3,67,3,1
5.86,4,2,96,2,1
6.79,4,1,67,6,1
6.62,5,2,43,10,1
7.15,1,2,47,2,1
7.48,4,2,78,3,1
6.19,5,1,55,5,1
7.92,4,3,86,2,1
7.26,1,3,89,7,1
5.31,4,0,22,3,0
5.24,0,2,77,2,0
7.19,3,0,49,3,1
6.98,2,1,61,10,1
7.1,3,3,41,10,1
7.17,3,0,49,6,1
7.43,0,1,46,5,1
8.15,3,0,24,9,1
6.09,5,2,82,2,1
6.03,2,1,31,7,0
6.11,1,2,50,7,0
7.49,5,3,35,8,1
8.44,0,2,32,3,1
6.77,2,2,49,8,1
4.7,3,0,93,7,0
5.5,2,0,95,9,0
6.37,5,3,50,2,1
6.64,2,3,60,7,1
6.79,5,2,98,9,1
7.24,0,1,38,3,0
6.89,4,0,95,8,1
8.25,3,3,28,1,1
6.52,1,3,38,8,1
6.34,1,0,47,7,0
7.68,4,2,22,2,1
5.66,3,2,85,1,1
7.59,3,1,88,8,1
7.3,0,3,50,3,1
7.05,3,0,86,5,1
8.79,5,1,81,1,1
6.58,0,0,84,10,0
9.26,2,2,84,6,1
6.97,2,2,65,10,1
5.92,5,3,28,2,0
7.27,1,2,93,3,1
6.12,2,0,68,7,0
6.45,4,1,92,7,1
7.6,0,0,96,8,1
7.76,4,2,34,10,1
6.58,4,2,52,9,1
8.19,4,3,35,2,1
8.36,3,1,24,4,1
8.64,4,1,97,10,1
7.73,4,0,93,6,1
8.56,5,1,94,9,1
5.32,2,1,90,6,0
6.88,2,3,71,1,1
6.33,3,3,61,5,1
7.32,1,0,99,9,1
6.63,5,1,64,7,1
7.03,4,2,71,2,1
9.08,3,1,36,3,0
7.03,1,0,79,9,0
7.61,2,3,85,10,1
6.97,2,2,74,8,1
7.28,3,2,59,1,1
7.21,4,1,35,7,1
7.65,4,3,22,9,1
8.37,5,0,70,7,1
8.85,5,1,74,6,1
7.51,4,3,81,5,1
7.79,2,3,96,3,1
6.05,3,1,59,3,0
7.11,2,2,86,8,1
8.14,3,0,77,1,1
8.07,4,0,42,1,0
7.41,2,1,87,4,1
8.09,3,3,24,8,1
7.69,0,2,67,7,1
8.4,4,1,95,6,1
7.49,2,1,72,6,1
6.84,2,0,94,2,1
7.54,3,1,24,4,0
4.27,1,0,62,1,0
7.58,3,0,82,8,1
4.0,4,2,71,8,0
5.48,2,0,90,3,0
7.65,0,0,57,3,0
7.68,2,2,74,4,1
6.04,1,1,53,9,0
6.49,2,1,89,5,1
8.57,3,0,29,8,1
6.72,0,0,40,5,0
9.44,4,1,27,7,1
7.2,1,2,76,6,1
7.61,5,1,38,3,1
8.82,4,2,45,9,1
7.33,1,2,86,8,1
6.2,3,1,48,8,0
7.09,0,1,31,10,0
7.16,0,1,21,3,0
5.84,5,0,38,1,0
6.94,4,2,93,6,1
6.46,0,2,63,4,1
8.12,1,1,99,5,1
7.23,1,1,37,3,1
6.92,2,1,48,4,1
7.09,1,2,33,4,0
7.42,1,3,51,4,1
7.82,3,0,65,8,1
6.2,1,1,84,6,1
6.16,5,0,49,5,0
8.3,4,1,81,2,1
6.79,4,0,70,6,1
5.78,1,1,43,2,0
7.64,4,1,92,4,1
7.66,5,1,54,5,1
5.67,1,1,32,2,0
7.43,4,3,97,4,1
7.94,2,3,93,3,1
7.57,4,0,23,9,1
7.83,2,1,92,9,1
5.8,4,3,95,1,1
7.53,0,2,86,7,1
6.9,2,0,40,7,0
6.72,1,2,70,4,1
8.07,1,0,63,5,1
8.68,1,0,69,8,1
8.99,2,2,69,4,1
8.51,0,2,71,1,1
7.09,4,3,61,4,1
7.55,3,1,75,3,1
7.97,4,3,62,4,1
7.32,4,1,21,3,1
7.33,0,2,22,2,0
8.02,0,0,96,10,1
